customer_id,orders_per_month,avg_order_value
C001,1.4,269
C002,1.4,238
C003,1.2,242
C004,1.9,266
C005,1.9,259
C006,1.6,257
C007,0.9,282
C008,1.7,269
C009,0.9,185
C010,1.2,232
C011,1.6,248
C012,1.7,226
C013,1.6,265
C014,1.3,314
C015,1.7,295
C016,1.3,222
C017,1.4,246
C018,1.7,259
C019,1.3,214
C020,1.3,296
C021,1.2,259
C022,1.7,194
C023,1.5,299
C024,0.7,238
C025,1.5,219
C026,1.7,248
C027,1.0,281
C028,1.8,285
C029,2.0,264
C030,1.5,201
C031,1.7,227
C032,1.3,203
C033,1.1,230
C034,2.0,174
C035,1.0,259
C036,2.0,272
C037,0.8,156
C038,1.6,222
C039,1.1,287
C040,1.9,256
C041,4.2,320
C042,5.6,328
C043,4.5,325
C044,2.4,358
C045,5.0,324
C046,2.0,271
C047,4.8,218
C048,3.8,346
C049,2.7,372
C050,4.6,293
C051,4.3,329
C052,4.1,352
C053,3.3,281
C054,5.0,301
C055,3.1,343
C056,5.5,280
C057,2.6,294
C058,3.9,287
C059,5.4,254
C060,5.3,243
C061,3.2,328
C062,5.1,339
C063,4.3,306
C064,4.2,326
C065,3.8,312
C066,4.6,300
C067,4.8,325
C068,6.0,315
C069,3.6,283
C070,4.0,342
C071,3.7,317
C072,5.8,185
C073,2.9,311
C074,4.4,311
C075,3.6,329
C076,10.7,323
C077,16.1,369
C078,8.6,345
C079,9.4,347
C080,3.2,324
C081,12.5,289
C082,9.8,400
C083,12.1,428
C084,5.7,331
C085,9.1,383
C086,12.7,209
C087,12.7,274
C088,11.7,272
C089,10.4,413
C090,9.6,360
C091,12.0,357
C092,9.8,430
C093,12.6,335
C094,16.9,290
C095,12.3,336
C096,10.3,387
C097,10.6,384
C098,6.2,271
C099,11.5,299
C100,7.4,273
C101,3.9,1001
C102,4.1,773
C103,3.0,746
C104,3.6,1115
C105,2.3,1111
C106,3.7,876
C107,1.5,1090
C108,2.9,819
C109,3.3,955
C110,4.1,762
C111,3.9,1101
C112,4.1,876
C113,2.4,1038
C114,3.1,917
C115,4.1,864
C116,1.3,848
C117,1.6,1011
C118,3.2,817
C119,3.0,1012
C120,3.1,1079
